path,day,instrument,coverage_frac,otsu_threshold,otsu_separability,coverage_trustworthy,focus,mean_intensity,std_intensity,contrast,objective,exposure,gain,light_intensity,captured,comparability_key
raw/microscopy/evos/2026-08-06/QS_2448.jpg,2026-08-06,evos,0.16943,0.024045,0.64336,True,0.00132318,0.29714,0.03447,,,,,,,
raw/microscopy/evos/2026-08-06/QS_2449.jpg,2026-08-06,evos,0.36765,0.035508,0.62617,True,0.00320443,0.07695,0.04636,,,,,,,
raw/microscopy/evos/2026-08-06/QS_2450.jpg,2026-08-06,evos,0.38753,0.027254,0.65521,True,0.00186404,0.07104,0.04056,,,,,,,
raw/microscopy/evos/2026-08-06/QS_2451.jpg,2026-08-06,evos,0.43234,0.038727,0.65093,True,0.00337317,0.04548,0.05896,,,,,,,
raw/microscopy/evos/2026-08-06/QS_2452.jpg,2026-08-06,evos,0.37176,0.010559,0.62985,True,0.00010865,0.04681,0.0282,,,,,,,
raw/microscopy/evos/2026-08-06/QS_2453.jpg,2026-08-06,evos,0.49333,0.044561,0.65868,True,0.00892668,0.06127,0.06787,,,,,,,
raw/microscopy/evos/2026-08-06/QS_2454.jpg,2026-08-06,evos,0.35163,0.03959,0.73182,True,0.00557036,0.34677,0.07245,,,,,,,
raw/microscopy/leica/2026-07-27/Leica_2026-07-27 EC well2-1.jpeg,2026-07-27,leica,0.35333,0.059592,0.64208,True,0.01518623,0.5881,0.08561,PH,4X,19000.0,1.0,45.0,2026-07-27T15:38:10.388000,PH|4X|19000|1|45
raw/microscopy/leica/2026-07-27/Leica_2026-07-27 EC well2-2.jpeg,2026-07-27,leica,0.41616,0.038013,0.60066,True,0.00654276,0.60079,0.05663,PH,4X,19000.0,1.0,45.0,2026-07-27T15:39:18.855000,PH|4X|19000|1|45
raw/microscopy/leica/2026-07-27/Leica_2026-07-27 EC well3-1.jpeg,2026-07-27,leica,0.40938,0.059895,0.56773,True,0.0157963,0.68502,0.07295,PH,4X,19000.0,1.0,45.0,2026-07-27T15:40:03.377000,PH|4X|19000|1|45
raw/microscopy/leica/2026-07-27/Leica_2026-07-27 well1-1.jpeg,2026-07-27,leica,0.35696,0.052344,0.687,True,0.01177061,0.4803,0.09098,PH,4X,19000.0,1.0,45.0,2026-07-27T15:42:09.246000,PH|4X|19000|1|45
raw/microscopy/leica/2026-07-27/Leica_2026-07-27 well1-2.jpeg,2026-07-27,leica,0.31691,0.049081,0.66749,True,0.00927829,0.51726,0.08801,PH,4X,19000.0,1.0,45.0,2026-07-27T15:43:15.077000,PH|4X|19000|1|45
raw/microscopy/leica/2026-07-27/Leica_2026-07-27 well2.jpeg,2026-07-27,leica,0.39739,0.093843,0.64937,True,0.0425685,0.53623,0.10718,PH,4X,19000.0,1.0,45.0,2026-07-27T14:21:03.541000,PH|4X|19000|1|45
raw/microscopy/leica/2026-07-27/Leica_2026-07-27 well3-2.jpeg,2026-07-27,leica,0.38785,0.065999,0.58955,True,0.02133138,0.64355,0.08086,PH,4X,19000.0,1.0,45.0,2026-07-27T15:41:10.140000,PH|4X|19000|1|45
raw/microscopy/leica/2026-07-27/Leica_2026-07-27 well3.jpeg,2026-07-27,leica,0.73562,0.055411,0.63925,True,0.02039252,0.47406,0.08886,PH,4X,19000.0,1.0,45.0,2026-07-27T14:22:14.073000,PH|4X|19000|1|45
raw/microscopy/leica/2026-07-27/Leica_2026-07-27 well4.jpeg,2026-07-27,leica,0.36081,0.051638,0.58847,True,0.01827818,0.48808,0.08256,PH,4X,19000.0,1.0,45.0,2026-07-27T14:22:56.973000,PH|4X|19000|1|45
raw/microscopy/leica/2026-07-28/Leica_2026-07-28 1-Well 1-2.jpeg,2026-07-28,leica,0.38878,0.020393,0.44741,True,0.00207006,0.65027,0.03823,PH,4X,19000.0,1.0,50.0,2026-07-28T15:39:19.989000,PH|4X|19000|1|50
raw/microscopy/leica/2026-07-28/Leica_2026-07-28 1-Well 2-2.jpeg,2026-07-28,leica,0.33953,0.034804,0.54786,True,0.00388526,0.51239,0.04543,PH,4X,19000.0,1.0,50.0,2026-07-28T15:40:14.139000,PH|4X|19000|1|50
raw/microscopy/leica/2026-07-28/Leica_2026-07-28 1-Well 3-1.jpeg,2026-07-28,leica,0.25582,0.039942,0.60772,True,0.00542558,0.64433,0.07309,PH,4X,19000.0,1.0,50.0,2026-07-28T15:40:34.556000,PH|4X|19000|1|50
raw/microscopy/leica/2026-07-28/Leica_2026-07-28 1-Well 3-2.jpeg,2026-07-28,leica,0.2868,0.027369,0.51119,True,0.00426912,0.53029,0.03864,PH,4X,19000.0,1.0,50.0,2026-07-28T15:40:50.837000,PH|4X|19000|1|50
raw/microscopy/leica/2026-07-28/Leica_2026-07-28 1-well 1-1.jpeg,2026-07-28,leica,0.25658,0.025056,0.51316,True,0.00264013,0.56872,0.05493,PH,4X,19000.0,1.0,50.0,2026-07-28T15:38:47.071000,PH|4X|19000|1|50
raw/microscopy/leica/2026-07-28/Leica_2026-07-28 1-well 2-1.jpeg,2026-07-28,leica,0.3383,0.031156,0.54207,True,0.00351005,0.54066,0.04351,PH,4X,19000.0,1.0,50.0,2026-07-28T15:39:45.455000,PH|4X|19000|1|50
raw/microscopy/leica/2026-07-28/Leica_2026-07-28 152950.jpeg,2026-07-28,leica,0.31413,0.058006,0.5852,True,0.00878617,0.51684,0.07188,PH,4X,19000.0,1.0,50.0,2026-07-28T15:29:50.276000,PH|4X|19000|1|50
raw/microscopy/leica/2026-07-28/Leica_2026-07-28 153039.jpeg,2026-07-28,leica,0.35714,0.036667,0.5483,True,0.00788383,0.53285,0.04514,PH,4X,19000.0,1.0,50.0,2026-07-28T15:30:39.204000,PH|4X|19000|1|50
raw/microscopy/leica/2026-07-28/Leica_2026-07-28 153045.jpeg,2026-07-28,leica,0.34075,0.037456,0.54565,True,0.00410519,0.5535,0.05034,PH,4X,19000.0,1.0,50.0,2026-07-28T15:30:45.556000,PH|4X|19000|1|50
raw/microscopy/leica/2026-07-28/Leica_2026-07-28 153053.jpeg,2026-07-28,leica,0.39676,0.037664,0.56667,True,0.00638292,0.55545,0.05248,PH,4X,19000.0,1.0,50.0,2026-07-28T15:30:53.544000,PH|4X|19000|1|50
raw/microscopy/leica/2026-07-28/Leica_2026-07-28 p2-well1.jpeg,2026-07-28,leica,0.40879,0.086918,0.64652,True,0.03703618,0.53967,0.10193,PH,4X,19000.0,1.0,45.0,2026-07-28T15:08:34.276000,PH|4X|19000|1|45
raw/microscopy/leica/2026-07-28/Leica_2026-07-28 p2-well2.jpeg,2026-07-28,leica,0.33661,0.071115,0.64187,True,0.02369864,0.51465,0.08778,PH,4X,19000.0,1.0,45.0,2026-07-28T15:09:14.227000,PH|4X|19000|1|45
raw/microscopy/leica/2026-07-28/Leica_2026-07-28 p2-well3.jpeg,2026-07-28,leica,0.37795,0.062688,0.60923,True,0.01591799,0.49554,0.07969,PH,4X,19000.0,1.0,45.0,2026-07-28T15:10:53.609000,PH|4X|19000|1|45
raw/microscopy/leica/2026-07-28/Leica_2026-07-28 p2-well4.jpeg,2026-07-28,leica,0.3477,0.069869,0.62214,True,0.03167521,0.49484,0.09474,PH,4X,19000.0,1.0,45.0,2026-07-28T15:12:00.177000,PH|4X|19000|1|45
raw/microscopy/leica/2026-07-28/c1-1.jpeg,2026-07-28,leica,0.34299,0.042402,0.61926,True,0.00551799,0.50879,0.12279,PH,4X,19000.0,1.0,45.0,2026-07-28T13:44:51.671000,PH|4X|19000|1|45
raw/microscopy/leica/2026-07-28/c1-2.jpeg,2026-07-28,leica,0.35875,0.036616,0.62577,True,0.00390161,0.52083,0.1293,PH,4X,19000.0,1.0,45.0,2026-07-28T13:45:00.736000,PH|4X|19000|1|45
raw/microscopy/leica/2026-07-28/c10-1.jpeg,2026-07-28,leica,0.36934,0.040243,0.62745,True,0.00500457,0.51577,0.12217,PH,4X,19000.0,1.0,45.0,2026-07-28T13:43:49.488000,PH|4X|19000|1|45
raw/microscopy/leica/2026-07-28/c10-2.jpeg,2026-07-28,leica,0.36877,0.035106,0.6088,True,0.00281206,0.61945,0.11777,PH,4X,19000.0,1.0,45.0,2026-07-28T13:44:17.316000,PH|4X|19000|1|45
raw/microscopy/leica/2026-07-28/con1.jpeg,2026-07-28,leica,0.32235,0.042276,0.6449,True,0.00496233,0.47527,0.12228,PH,4X,19000.0,1.0,45.0,2026-07-28T13:39:39.174000,PH|4X|19000|1|45
raw/microscopy/leica/2026-07-28/con2.jpeg,2026-07-28,leica,0.36878,0.038739,0.65433,True,0.00395174,0.52685,0.14073,PH,4X,19000.0,1.0,45.0,2026-07-28T13:39:50.904000,PH|4X|19000|1|45
raw/microscopy/leica/2026-07-28/con3.jpeg,2026-07-28,leica,0.37651,0.035688,0.62973,True,0.0031408,0.58649,0.15455,PH,4X,19000.0,1.0,45.0,2026-07-28T13:39:59.172000,PH|4X|19000|1|45
raw/microscopy/leica/2026-07-28/con4.jpeg,2026-07-28,leica,0.45492,0.038542,0.6472,True,0.00429264,0.59102,0.13714,PH,4X,19000.0,1.0,45.0,2026-07-28T13:40:31.156000,PH|4X|19000|1|45
raw/microscopy/leica/2026-07-28/k1-1.jpeg,2026-07-28,leica,0.34239,0.042449,0.63644,True,0.00556928,0.488,0.12325,PH,4X,19000.0,1.0,45.0,2026-07-28T13:42:45.104000,PH|4X|19000|1|45
raw/microscopy/leica/2026-07-28/k1-2.jpeg,2026-07-28,leica,0.40258,0.040214,0.62591,True,0.00478879,0.57478,0.12799,PH,4X,19000.0,1.0,45.0,2026-07-28T13:43:15.105000,PH|4X|19000|1|45
raw/microscopy/leica/2026-07-28/k10-1.jpeg,2026-07-28,leica,0.35244,0.041509,0.64944,True,0.00467093,0.4753,0.12561,PH,4X,19000.0,1.0,45.0,2026-07-28T13:41:42.991000,PH|4X|19000|1|45
raw/microscopy/leica/2026-07-28/k10-2.jpeg,2026-07-28,leica,0.40875,0.036237,0.6291,True,0.00367276,0.58375,0.12962,PH,4X,19000.0,1.0,45.0,2026-07-28T13:41:52.341000,PH|4X|19000|1|45
raw/microscopy/leica/2026-07-30/Leica_2026-07-30 3-1.jpeg,2026-07-30,leica,0.36658,0.02965,0.7239,True,0.00354534,0.56806,0.08224,PH,4X,19000.0,1.0,45.0,2026-07-30T14:03:55.545000,PH|4X|19000|1|45
raw/microscopy/leica/2026-07-30/Leica_2026-07-30 3-2.jpeg,2026-07-30,leica,0.34302,0.026876,0.58729,True,0.00330703,0.37001,0.05826,PH,4X,19000.0,1.0,45.0,2026-07-30T14:04:03.006000,PH|4X|19000|1|45
raw/microscopy/leica/2026-07-30/Leica_2026-07-30 3-3.jpeg,2026-07-30,leica,0.47581,0.052324,0.71149,True,0.01086005,0.48183,0.09025,PH,4X,19000.0,1.0,45.0,2026-07-30T14:04:10.740000,PH|4X|19000|1|45
raw/microscopy/leica/2026-07-30/Leica_2026-07-30 3-4.jpeg,2026-07-30,leica,0.36468,0.03234,0.57716,True,0.00547567,0.39138,0.0676,PH,4X,19000.0,1.0,45.0,2026-07-30T14:04:18.339000,PH|4X|19000|1|45
raw/microscopy/leica/2026-07-30/Leica_2026-07-30 3-5.jpeg,2026-07-30,leica,0.07929,0.038214,0.74863,True,0.00222137,0.42375,0.0592,PH,4X,19000.0,1.0,45.0,2026-07-30T14:04:41.287000,PH|4X|19000|1|45
raw/microscopy/leica/2026-07-30/Leica_2026-07-30 N2B27 T75.jpeg,2026-07-30,leica,0.42466,0.056437,0.60115,True,0.00696212,0.43373,0.06767,PH,4X,19000.0,1.0,45.0,2026-07-30T14:13:33.273000,PH|4X|19000|1|45
raw/microscopy/leica/2026-07-30/Leica_2026-07-30 Well3 plate 2 cd.jpeg,2026-07-30,leica,0.40655,0.074615,0.62648,True,0.03255484,0.51368,0.08896,PH,4X,19000.0,1.0,45.0,2026-07-30T13:30:03.826000,PH|4X|19000|1|45
raw/microscopy/leica/2026-07-30/Leica_2026-07-30 Well3 plate2 cd.jpeg,2026-07-30,leica,0.35084,0.066295,0.6347,True,0.02176216,0.52748,0.08999,PH,4X,19000.0,1.0,45.0,2026-07-30T13:29:48.622000,PH|4X|19000|1|45
raw/microscopy/leica/2026-07-30/Leica_2026-07-30 double1.jpeg,2026-07-30,leica,0.40253,0.028006,0.5543,True,0.00191867,0.4312,0.03951,PH,4X,19000.0,1.0,45.0,2026-07-30T14:19:02.754000,PH|4X|19000|1|45
raw/microscopy/leica/2026-07-30/Leica_2026-07-30 double2.jpeg,2026-07-30,leica,0.50135,0.059189,0.63406,True,0.00736907,0.43778,0.08481,PH,4X,19000.0,1.0,45.0,2026-07-30T14:19:19.088000,PH|4X|19000|1|45
raw/microscopy/leica/2026-07-30/Leica_2026-07-30 ecT75.jpeg,2026-07-30,leica,0.45568,0.03004,0.57865,True,0.00210777,0.42439,0.04274,PH,4X,19000.0,1.0,45.0,2026-07-30T14:18:23.655000,PH|4X|19000|1|45
raw/microscopy/leica/2026-07-30/Leica_2026-07-30 ect75-2.jpeg,2026-07-30,leica,0.45181,0.058629,0.61993,True,0.00721205,0.43255,0.08307,PH,4X,19000.0,1.0,45.0,2026-07-30T14:18:33.257000,PH|4X|19000|1|45
raw/microscopy/leica/2026-07-30/Leica_2026-07-30 n2b27.jpeg,2026-07-30,leica,0.35673,0.038458,0.60104,True,0.0043437,0.38807,0.04461,PH,4X,19000.0,1.0,45.0,2026-07-30T14:29:05.324000,PH|4X|19000|1|45
raw/microscopy/leica/2026-07-31/Leica_2026-07-31 1-1cd.jpeg,2026-07-31,leica,0.04242,0.032372,0.60248,True,0.00178935,0.38909,0.04337,PH,4X,19000.0,1.0,45.0,2026-07-31T15:42:09.040000,PH|4X|19000|1|45
raw/microscopy/leica/2026-07-31/Leica_2026-07-31 1-2 cd2.jpeg,2026-07-31,leica,0.03828,0.027817,0.57831,True,0.0012059,0.38552,0.06387,PH,4X,19000.0,1.0,45.0,2026-07-31T15:42:15.638000,PH|4X|19000|1|45
raw/microscopy/leica/2026-07-31/Leica_2026-07-31 2-1 cd.jpeg,2026-07-31,leica,0.31549,0.032719,0.73849,True,0.0036113,0.36014,0.09662,PH,4X,19000.0,1.0,45.0,2026-07-31T15:42:30.121000,PH|4X|19000|1|45
raw/microscopy/leica/2026-07-31/Leica_2026-07-31 2-2cd2.jpeg,2026-07-31,leica,0.50326,0.037016,0.67556,True,0.00538681,0.57109,0.11674,PH,4X,19000.0,1.0,45.0,2026-07-31T15:42:53.323000,PH|4X|19000|1|45
raw/microscopy/leica/2026-07-31/Leica_2026-07-31 3-1.jpeg,2026-07-31,leica,0.48208,0.039251,0.60751,True,0.0049676,0.38426,0.0548,PH,4X,19000.0,1.0,45.0,2026-07-31T15:45:02.023000,PH|4X|19000|1|45
raw/microscopy/leica/2026-07-31/Leica_2026-07-31 3-2.jpeg,2026-07-31,leica,0.49971,0.043986,0.70821,True,0.01196018,0.45884,0.09183,PH,4X,19000.0,1.0,45.0,2026-07-31T15:46:17.273000,PH|4X|19000|1|45
raw/microscopy/leica/2026-07-31/Leica_2026-07-31 3-3.jpeg,2026-07-31,leica,0.48163,0.05179,0.60246,True,0.00763423,0.45072,0.06837,PH,4X,19000.0,1.0,45.0,2026-07-31T15:45:18.267000,PH|4X|19000|1|45
raw/microscopy/leica/2026-07-31/Leica_2026-07-31 3-4.jpeg,2026-07-31,leica,0.33051,0.039667,0.77487,True,0.01135516,0.41007,0.07434,PH,4X,19000.0,1.0,45.0,2026-07-31T15:46:33.674000,PH|4X|19000|1|45
raw/microscopy/leica/2026-07-31/Leica_2026-07-31 3-5.jpeg,2026-07-31,leica,0.16397,0.039694,0.69831,True,0.00571245,0.43011,0.05589,PH,4X,19000.0,1.0,45.0,2026-07-31T15:46:43.354000,PH|4X|19000|1|45
raw/microscopy/leica/2026-08-01/Leica_2026-08-01 2-3-1.jpeg,2026-08-01,leica,0.40055,0.025323,0.69996,True,0.00291497,0.40699,0.05508,PH,4X,19000.0,1.0,45.0,2026-08-01T16:54:19.596000,PH|4X|19000|1|45
raw/microscopy/leica/2026-08-01/Leica_2026-08-01 2-3-1double.jpeg,2026-08-01,leica,0.52416,0.041436,0.61834,True,0.00685451,0.35751,0.08444,PH,4X,19000.0,1.0,45.0,2026-08-01T16:58:49.257000,PH|4X|19000|1|45
raw/microscopy/leica/2026-08-01/Leica_2026-08-01 2-3-2.jpeg,2026-08-01,leica,0.43873,0.021079,0.63133,True,0.00218913,0.36078,0.03171,PH,4X,19000.0,1.0,45.0,2026-08-01T16:54:56.825000,PH|4X|19000|1|45
raw/microscopy/leica/2026-08-01/Leica_2026-08-01 2-3-2double.jpeg,2026-08-01,leica,0.4344,0.048002,0.60998,True,0.00908927,0.40441,0.07921,PH,4X,19000.0,1.0,45.0,2026-08-01T16:59:03.647000,PH|4X|19000|1|45
raw/microscopy/leica/2026-08-01/Leica_2026-08-01 3-1.jpeg,2026-08-01,leica,0.34999,0.062142,0.62876,True,0.01390673,0.51601,0.07936,PH,4X,19000.0,1.0,45.0,2026-08-01T16:49:23.908000,PH|4X|19000|1|45
raw/microscopy/leica/2026-08-01/Leica_2026-08-01 3-2.jpeg,2026-08-01,leica,0.05429,0.025371,0.72068,True,0.00069193,0.2923,0.03676,PH,4X,19000.0,1.0,45.0,2026-08-01T16:48:19.724000,PH|4X|19000|1|45
raw/microscopy/leica/2026-08-01/Leica_2026-08-01 3-3.jpeg,2026-08-01,leica,0.35736,0.07261,0.63582,True,0.0198802,0.48635,0.08693,PH,4X,19000.0,1.0,45.0,2026-08-01T16:49:30.256000,PH|4X|19000|1|45
raw/microscopy/leica/2026-08-01/Leica_2026-08-01 3-4.jpeg,2026-08-01,leica,0.63899,0.030513,0.70343,True,0.00853748,0.41358,0.08155,PH,4X,19000.0,1.0,45.0,2026-08-01T16:48:56.892000,PH|4X|19000|1|45
raw/microscopy/leica/2026-08-01/Leica_2026-08-01 3-5.jpeg,2026-08-01,leica,0.54406,0.047815,0.73087,True,0.01410366,0.48095,0.10633,PH,4X,19000.0,1.0,45.0,2026-08-01T16:49:13.388000,PH|4X|19000|1|45
raw/microscopy/leica/2026-08-04/Leica_2026-08-04 1%fbs vtn 10.jpeg,2026-08-04,leica,0.2614,0.034732,0.64371,True,0.00280389,0.44285,0.06739,PH,4X,19000.0,1.0,45.0,2026-08-04T11:59:36.332000,PH|4X|19000|1|45
raw/microscopy/leica/2026-08-04/Leica_2026-08-04 1%fbs vtn 2-5 t75.jpeg,2026-08-04,leica,0.13893,0.029194,0.69064,True,0.0017295,0.44681,0.04551,PH,4X,19000.0,1.0,45.0,2026-08-04T11:58:14.915000,PH|4X|19000|1|45
raw/microscopy/leica/2026-08-04/Leica_2026-08-04 1%fbs vtn 5.jpeg,2026-08-04,leica,0.22166,0.03345,0.69896,True,0.00238359,0.44072,0.06132,PH,4X,19000.0,1.0,45.0,2026-08-04T12:00:30.017000,PH|4X|19000|1|45
raw/microscopy/leica/2026-08-04/Leica_2026-08-04 Fib 10%.jpeg,2026-08-04,leica,0.35649,0.045774,0.65726,True,0.00531798,0.45133,0.08438,PH,4X,19000.0,1.0,45.0,2026-08-04T11:56:12.629000,PH|4X|19000|1|45
raw/microscopy/leica/2026-08-04/Leica_2026-08-04 Fib c+.jpeg,2026-08-04,leica,0.20001,0.030403,0.65532,True,0.0021555,0.38993,0.05379,PH,4X,19000.0,1.0,45.0,2026-08-04T11:55:36.565000,PH|4X|19000|1|45
raw/microscopy/leica/2026-08-04/Leica_2026-08-04 Fib stem.jpeg,2026-08-04,leica,0.17795,0.026576,0.64487,True,0.00197167,0.44341,0.04678,PH,4X,19000.0,1.0,45.0,2026-08-04T11:57:06.050000,PH|4X|19000|1|45
raw/microscopy/leica/2026-08-04/Leica_2026-08-04 fib 0-5.jpeg,2026-08-04,leica,0.41859,0.052497,0.68387,True,0.00775366,0.53247,0.12822,PH,4X,19000.0,1.0,45.0,2026-08-04T12:10:59.517000,PH|4X|19000|1|45
raw/microscopy/leica/2026-08-04/Leica_2026-08-04 fib 1.jpeg,2026-08-04,leica,0.28257,0.041902,0.65675,True,0.00441406,0.48346,0.08298,PH,4X,19000.0,1.0,45.0,2026-08-04T12:10:35.902000,PH|4X|19000|1|45
raw/microscopy/leica/2026-08-04/Leica_2026-08-04 fib 2-5.jpeg,2026-08-04,leica,0.29702,0.028275,0.60768,True,0.00199846,0.47187,0.08026,PH,4X,19000.0,1.0,45.0,2026-08-04T12:10:08.126000,PH|4X|19000|1|45
raw/microscopy/leica/2026-08-04/Leica_2026-08-04 fib10.jpeg,2026-08-04,leica,0.28786,0.038539,0.61473,True,0.00349833,0.46192,0.07416,PH,4X,19000.0,1.0,45.0,2026-08-04T12:08:48.652000,PH|4X|19000|1|45
raw/microscopy/leica/2026-08-04/Leica_2026-08-04 fib20.jpeg,2026-08-04,leica,0.29225,0.031786,0.60934,True,0.00206793,0.50011,0.09922,PH,4X,19000.0,1.0,45.0,2026-08-04T12:08:18.515000,PH|4X|19000|1|45
raw/microscopy/leica/2026-08-04/Leica_2026-08-04 fib5.jpeg,2026-08-04,leica,0.31958,0.045657,0.64809,True,0.00476788,0.48453,0.08873,PH,4X,19000.0,1.0,45.0,2026-08-04T12:09:29.099000,PH|4X|19000|1|45
raw/microscopy/leica/2026-08-04/Leica_2026-08-04 gel 10% t75 p1.jpeg,2026-08-04,leica,0.05479,0.038179,0.74418,True,0.00141216,0.39259,0.04186,PH,4X,19000.0,1.0,45.0,2026-08-04T11:53:54.413000,PH|4X|19000|1|45
raw/microscopy/leica/2026-08-04/Leica_2026-08-04 gel m+.jpeg,2026-08-04,leica,0.20095,0.034904,0.71908,True,0.00253599,0.38251,0.06295,PH,4X,19000.0,1.0,45.0,2026-08-04T11:53:01.453000,PH|4X|19000|1|45
raw/microscopy/leica/2026-08-04/Leica_2026-08-04 gel stem t75 p1.jpeg,2026-08-04,leica,0.02234,0.030691,0.69082,True,0.0017526,0.39451,0.02947,PH,4X,19000.0,1.0,45.0,2026-08-04T11:54:44.914000,PH|4X|19000|1|45
raw/microscopy/leica/2026-08-04/Leica_2026-08-04 mia dish.jpeg,2026-08-04,leica,0.0256,0.03533,0.73662,True,0.000588,0.38351,0.02871,PH,4X,19000.0,1.0,45.0,2026-08-04T11:52:07.298000,PH|4X|19000|1|45
raw/microscopy/leica/2026-08-04/Leica_2026-08-04 stem vtn 10.jpeg,2026-08-04,leica,0.14548,0.031327,0.70331,True,0.00211559,0.40328,0.05314,PH,4X,19000.0,1.0,45.0,2026-08-04T12:01:47.765000,PH|4X|19000|1|45
raw/microscopy/leica/2026-08-04/Leica_2026-08-04 stem vtn 2-5.jpeg,2026-08-04,leica,0.07133,0.029376,0.70046,True,0.00118408,0.39442,0.03562,PH,4X,19000.0,1.0,45.0,2026-08-04T12:01:02.572000,PH|4X|19000|1|45
raw/microscopy/leica/2026-08-04/Leica_2026-08-04 stem vtn 5.jpeg,2026-08-04,leica,0.11706,0.029981,0.69387,True,0.00191629,0.39593,0.04214,PH,4X,19000.0,1.0,45.0,2026-08-04T12:02:18.248000,PH|4X|19000|1|45
raw/microscopy/leica/2026-08-04/Leica_2026-08-04 vtn 0-5.jpeg,2026-08-04,leica,0.34961,0.043805,0.73622,True,0.005633,0.54457,0.13003,PH,4X,19000.0,1.0,45.0,2026-08-04T12:07:39.679000,PH|4X|19000|1|45
raw/microscopy/leica/2026-08-04/Leica_2026-08-04 vtn 1.jpeg,2026-08-04,leica,0.43918,0.046967,0.67551,True,0.00716696,0.55302,0.10794,PH,4X,19000.0,1.0,45.0,2026-08-04T12:06:38.015000,PH|4X|19000|1|45
raw/microscopy/leica/2026-08-04/Leica_2026-08-04 vtn 10.jpeg,2026-08-04,leica,0.31552,0.03552,0.68465,True,0.0040789,0.48499,0.08546,PH,4X,19000.0,1.0,45.0,2026-08-04T12:04:56.921000,PH|4X|19000|1|45
raw/microscopy/leica/2026-08-04/Leica_2026-08-04 vtn 2-5.jpeg,2026-08-04,leica,0.31208,0.035716,0.69821,True,0.00365826,0.52453,0.09554,PH,4X,19000.0,1.0,45.0,2026-08-04T12:05:46.885000,PH|4X|19000|1|45
raw/microscopy/leica/2026-08-04/Leica_2026-08-04 vtn 20.jpeg,2026-08-04,leica,0.27114,0.036248,0.62915,True,0.0031045,0.46024,0.06948,PH,4X,19000.0,1.0,45.0,2026-08-04T12:04:32.178000,PH|4X|19000|1|45
raw/microscopy/leica/2026-08-04/Leica_2026-08-04 vtn5.jpeg,2026-08-04,leica,0.2816,0.033817,0.67136,True,0.00377645,0.4398,0.07121,PH,4X,19000.0,1.0,45.0,2026-08-04T12:05:23.736000,PH|4X|19000|1|45
raw/microscopy/leica/2026-08-06/Leica_2026-08-06 iec P6 mia.jpeg,2026-08-06,leica,0.04527,0.027116,0.68085,True,0.00063745,0.39644,0.02474,PH,4X,19000.0,1.0,45.0,2026-08-06T15:31:16.711000,PH|4X|19000|1|45
raw/microscopy/leica/2026-08-06/Leica_2026-08-06 well 1-1.jpeg,2026-08-06,leica,0.35039,0.039912,0.54519,True,0.00386647,0.45321,0.05092,PH,4X,19000.0,1.0,45.0,2026-08-06T11:52:57.905000,PH|4X|19000|1|45
raw/microscopy/leica/2026-08-06/Leica_2026-08-06 well 1-2.jpeg,2026-08-06,leica,0.33923,0.037776,0.53191,True,0.00359694,0.46367,0.04708,PH,4X,19000.0,1.0,45.0,2026-08-06T11:53:29.813000,PH|4X|19000|1|45
raw/microscopy/leica/2026-08-06/Leica_2026-08-06 well 5.jpeg,2026-08-06,leica,0.32503,0.068144,0.6214,True,0.00877049,0.41974,0.08854,PH,4X,19000.0,1.0,45.0,2026-08-06T15:30:12.712000,PH|4X|19000|1|45
raw/microscopy/leica/2026-08-06/Leica_2026-08-06 well3-1-copy.jpeg,2026-08-06,leica,0.46293,0.040832,0.66295,True,0.00375291,0.39937,0.06037,PH,4X,19000.0,1.0,45.0,2026-08-06T15:29:27.727000,PH|4X|19000|1|45
raw/microscopy/leica/2026-08-06/Leica_2026-08-06 well3-1.jpeg,2026-08-06,leica,0.37442,0.085143,0.64761,True,0.01539439,0.44347,0.10726,PH,4X,19000.0,1.0,45.0,2026-08-06T15:29:03.119000,PH|4X|19000|1|45
raw/microscopy/leica/2026-08-06/Leica_2026-08-06well3-2.jpeg,2026-08-06,leica,0.47541,0.044175,0.64313,True,0.00451116,0.41032,0.06356,PH,4X,19000.0,1.0,45.0,2026-08-06T15:29:49.965000,PH|4X|19000|1|45
raw/microscopy/leica/2026-08-10/Leica_2026-08-10 1-1.jpeg,2026-08-10,leica,0.3365,0.056816,0.63235,True,0.00513687,0.44218,0.09123,PH,4X,19000.0,1.0,45.0,2026-08-10T18:21:43.353000,PH|4X|19000|1|45
raw/microscopy/leica/2026-08-10/Leica_2026-08-10 1-2.jpeg,2026-08-10,leica,0.33569,0.05984,0.63995,True,0.00565569,0.43089,0.09037,PH,4X,19000.0,1.0,45.0,2026-08-10T18:21:50.102000,PH|4X|19000|1|45
raw/microscopy/leica/2026-08-10/Leica_2026-08-10 1iec p6.jpeg,2026-08-10,leica,0.26752,0.051161,0.65232,True,0.00433674,0.46178,0.09785,PH,4X,19000.0,1.0,45.0,2026-08-10T18:19:45.448000,PH|4X|19000|1|45
raw/microscopy/leica/2026-08-10/Leica_2026-08-10 3-1.jpeg,2026-08-10,leica,0.37677,0.055082,0.62745,True,0.00466223,0.41208,0.08233,PH,4X,19000.0,1.0,45.0,2026-08-10T18:21:55.202000,PH|4X|19000|1|45
raw/microscopy/leica/2026-08-10/Leica_2026-08-10 3-2.jpeg,2026-08-10,leica,0.35545,0.055028,0.6481,True,0.00492398,0.48358,0.08805,PH,4X,19000.0,1.0,45.0,2026-08-10T18:22:16.499000,PH|4X|19000|1|45
raw/microscopy/leica/2026-08-10/Leica_2026-08-10 fenxuan later-copy.jpeg,2026-08-10,leica,0.31517,0.039487,0.66251,True,0.00245285,0.41734,0.11965,PH,4X,19000.0,1.0,45.0,2026-08-10T18:19:26.915000,PH|4X|19000|1|45
raw/microscopy/leica/2026-08-10/Leica_2026-08-10 fenxuan later.jpeg,2026-08-10,leica,0.28226,0.039624,0.66908,True,0.0020715,0.41096,0.11916,PH,4X,19000.0,1.0,45.0,2026-08-10T17:15:27.055000,PH|4X|19000|1|45
raw/microscopy/leica/2026-08-10/Leica_2026-08-10 fenxuan.jpeg,2026-08-10,leica,0.19394,0.031268,0.68194,True,0.00118387,0.45344,0.09857,PH,4X,19000.0,1.0,45.0,2026-08-10T18:19:10.750000,PH|4X|19000|1|45
raw/microscopy/leica/2026-08-10/Leica_2026-08-10 iec p6.jpeg,2026-08-10,leica,0.32426,0.051807,0.68995,True,0.00680532,0.45295,0.09898,PH,4X,19000.0,1.0,45.0,2026-08-10T18:19:38.999000,PH|4X|19000|1|45
raw/microscopy/leica/2026-08-11/Leica_2026-08-11 1-1.jpeg,2026-08-11,leica,0.31854,0.047951,0.61543,True,0.00390101,0.5018,0.06776,PH,4X,19000.0,1.0,45.0,2026-08-11T15:15:50.084000,PH|4X|19000|1|45
raw/microscopy/leica/2026-08-11/Leica_2026-08-11 1-2.jpeg,2026-08-11,leica,0.31466,0.050215,0.6063,True,0.00326381,0.44448,0.07742,PH,4X,19000.0,1.0,45.0,2026-08-11T15:15:55.165000,PH|4X|19000|1|45
raw/microscopy/leica/2026-08-11/Leica_2026-08-11 3-1.jpeg,2026-08-11,leica,0.29843,0.053935,0.61079,True,0.00441628,0.441,0.07758,PH,4X,19000.0,1.0,45.0,2026-08-11T15:16:02.831000,PH|4X|19000|1|45
raw/microscopy/leica/2026-08-11/Leica_2026-08-11 3-2.jpeg,2026-08-11,leica,0.31076,0.059142,0.63599,True,0.00701841,0.51375,0.08573,PH,4X,19000.0,1.0,45.0,2026-08-11T15:16:10.301000,PH|4X|19000|1|45
raw/microscopy/leica/2026-08-11/Leica_2026-08-11 fenxuan later.jpeg,2026-08-11,leica,0.30419,0.035497,0.63232,True,0.00172744,0.39822,0.10465,PH,4X,19000.0,1.0,45.0,2026-08-11T15:14:08.668000,PH|4X|19000|1|45
raw/microscopy/leica/2026-08-11/Leica_2026-08-11 iec-copy.jpeg,2026-08-11,leica,0.35777,0.072474,0.63948,True,0.00969139,0.46212,0.09837,PH,4X,19000.0,1.0,45.0,2026-08-11T12:51:56.465000,PH|4X|19000|1|45
raw/microscopy/leica/2026-08-11/Leica_2026-08-11 iec.jpeg,2026-08-11,leica,0.36372,0.073892,0.64094,True,0.00963547,0.46233,0.10243,PH,4X,19000.0,1.0,45.0,2026-08-11T12:51:47.584000,PH|4X|19000|1|45
